{
    "path": [
        {
            "loc": [
                -6.893606,
                107.611938
            ]
        },
        {
            "loc": [
                -6.893776,
                107.613032
            ]
        },
        {
            "loc": [
                -6.894797,
                107.61297
            ]
        },
        {
            "loc": [
                -6.894851,
                107.614269
            ]
        }
    ]
}
